"","value.var","gene"
"Dapma7bEVm002524",0.0275891587547051,"Dapma7bEVm002524"
"Dapma7bEVm003239",0.0273647408951908,"Dapma7bEVm003239"
"Dapma7bEVm018719",0.0273228435174386,"Dapma7bEVm018719"
"Dapma7bEVm028529",0.027213267868824,"Dapma7bEVm028529"
"Dapma7bEVm005157",0.0270028690595731,"Dapma7bEVm005157"
"Dapma7bEVm018418",0.0269965211836543,"Dapma7bEVm018418"
"Dapma7bEVm010173",0.0269555044739937,"Dapma7bEVm010173"
"Dapma7bEVm000432",0.0267962786692426,"Dapma7bEVm000432"
"Dapma7bEVm000243",0.0267497570611544,"Dapma7bEVm000243"
"Dapma7bEVm002036",0.0266747490447226,"Dapma7bEVm002036"
"Dapma7bEVm000535",0.0266702737835864,"Dapma7bEVm000535"
"Dapma7bEVm010457",0.0266301885226999,"Dapma7bEVm010457"
"Dapma7bEVm002440",0.0266098460267171,"Dapma7bEVm002440"
"Dapma7bEVm010648",0.0265649533604567,"Dapma7bEVm010648"
"Dapma7bEVm029614",0.0264878534997272,"Dapma7bEVm029614"
"Dapma7bEVm015255",0.0264761180674935,"Dapma7bEVm015255"
"Dapma7bEVm018544",0.0264728439627725,"Dapma7bEVm018544"
"Dapma7bEVm001511",0.0264671755866955,"Dapma7bEVm001511"
"Dapma7bEVm006032",0.0264043915314308,"Dapma7bEVm006032"
"Dapma7bEVm018557",0.0263703839680059,"Dapma7bEVm018557"
