"","value.var","gene"
"Dapma7bEVm003226",0.0223446217183638,"Dapma7bEVm003226"
"Dapma7bEVm002805",0.020371191144051,"Dapma7bEVm002805"
"Dapma7bEVm012026",0.0202107494800111,"Dapma7bEVm012026"
"Dapma7bEVm009632",0.0201588526215176,"Dapma7bEVm009632"
"Dapma7bEVm000398",0.019921234309915,"Dapma7bEVm000398"
"Dapma7bEVm004983",0.0196842274135789,"Dapma7bEVm004983"
"Dapma7bEVm010125",0.01967089196437,"Dapma7bEVm010125"
"Dapma7bEVm028606",0.0193712279574728,"Dapma7bEVm028606"
"Dapma7bEVm006919",0.0189686964185967,"Dapma7bEVm006919"
"Dapma7bEVm000986",0.0189468768863746,"Dapma7bEVm000986"
"Dapma7bEVm015320",0.0189319300390627,"Dapma7bEVm015320"
"Dapma7bEVm003964",0.0189315646151666,"Dapma7bEVm003964"
"Dapma7bEVm003726",0.0188497148585804,"Dapma7bEVm003726"
"Dapma7bEVm001711",0.0188304497244256,"Dapma7bEVm001711"
"Dapma7bEVm004275",0.0187617904910752,"Dapma7bEVm004275"
"Dapma7bEVm018512",0.018560624620254,"Dapma7bEVm018512"
"Dapma7bEVm003544",0.018554216783011,"Dapma7bEVm003544"
"Dapma7bEVm001206",0.0185239419684135,"Dapma7bEVm001206"
"Dapma7bEVm003913",0.0183408394774548,"Dapma7bEVm003913"
"Dapma7bEVm007022",0.0181983935154967,"Dapma7bEVm007022"
